patient_id,diagnosis_date,primary_diagnosis,stage,er_status,pr_status,her2_status,molecular_subtype,grade,menopausal_status,baseline_tumor_size_cm,baseline_nodal_status,treatment_intent
COMPV4-BRCA-0001,2024-12-03,Invasive breast carcinoma,IIIA,Negative,Negative,Not amplified,triple-negative,3,premenopausal,6.1,N1,neoadjuvant curative-intent therapy
COMPV4-BRCA-0002,2024-12-06,Invasive breast carcinoma,IIA,Negative,Negative,Not amplified,triple-negative,2,perimenopausal,4.7,N1,neoadjuvant curative-intent therapy
COMPV4-BRCA-0003,2024-12-22,Invasive breast carcinoma,IIA,Positive,Positive,Not amplified,HR+/HER2-,2,perimenopausal,5.2,N2,neoadjuvant curative-intent therapy
COMPV4-BRCA-0004,2024-12-22,Invasive breast carcinoma,IIB,Negative,Negative,Not amplified,triple-negative,2,postmenopausal,5.7,N2,neoadjuvant curative-intent therapy
COMPV4-BRCA-0005,2024-12-29,Invasive breast carcinoma,IIA,Negative,Negative,Amplified,HER2+,3,premenopausal,2.3,N1,neoadjuvant curative-intent therapy
COMPV4-BRCA-0006,2024-12-25,Invasive breast carcinoma,IIIB,Positive,Positive,Not amplified,HR+/HER2-,2,perimenopausal,5.2,N1,neoadjuvant curative-intent therapy
COMPV4-BRCA-0007,2024-12-10,Invasive breast carcinoma,IIIB,Positive,Positive,Not amplified,HR+/HER2-,3,perimenopausal,7.0,N1,neoadjuvant curative-intent therapy
COMPV4-BRCA-0008,2024-12-31,Invasive breast carcinoma,IV,Negative,Negative,Amplified,HER2+,3,premenopausal,2.2,N1,palliative disease control
COMPV4-BRCA-0009,2024-12-30,Invasive breast carcinoma,IIIA,Positive,Positive,Not amplified,HR+/HER2-,3,premenopausal,6.2,N0,neoadjuvant curative-intent therapy
COMPV4-BRCA-0010,2024-12-31,Invasive breast carcinoma,IIA,Negative,Negative,Not amplified,triple-negative,3,perimenopausal,5.6,N2,neoadjuvant curative-intent therapy
COMPV4-BRCA-0011,2024-12-27,Invasive breast carcinoma,IIA,Negative,Negative,Not amplified,triple-negative,3,perimenopausal,3.3,N3,neoadjuvant curative-intent therapy
COMPV4-BRCA-0012,2024-12-20,Invasive breast carcinoma,IIIB,Positive,Positive,Not amplified,HR+/HER2-,2,premenopausal,3.6,N1,neoadjuvant curative-intent therapy
COMPV4-BRCA-0013,2024-12-26,Invasive breast carcinoma,IIA,Negative,Negative,Not amplified,triple-negative,3,premenopausal,2.6,N0,neoadjuvant curative-intent therapy
COMPV4-BRCA-0014,2025-01-15,Invasive breast carcinoma,IIB,Negative,Negative,Amplified,HER2+,3,premenopausal,5.3,N1,neoadjuvant curative-intent therapy
COMPV4-BRCA-0015,2024-12-27,Invasive breast carcinoma,IIA,Positive,Positive,Not amplified,HR+/HER2-,2,postmenopausal,3.3,N1,neoadjuvant curative-intent therapy
COMPV4-BRCA-0016,2025-01-14,Invasive breast carcinoma,IIIB,Negative,Negative,Amplified,HER2+,3,postmenopausal,4.7,N1,neoadjuvant curative-intent therapy
COMPV4-BRCA-0017,2024-12-26,Invasive breast carcinoma,IIA,Positive,Positive,Not amplified,HR+/HER2-,3,postmenopausal,4.0,N1,neoadjuvant curative-intent therapy
COMPV4-BRCA-0018,2025-01-06,Invasive breast carcinoma,IIIB,Positive,Positive,Not amplified,HR+/HER2-,2,perimenopausal,4.1,N3,neoadjuvant curative-intent therapy
COMPV4-BRCA-0019,2025-01-27,Invasive breast carcinoma,IIIB,Positive,Positive,Not amplified,HR+/HER2-,3,postmenopausal,2.4,N1,neoadjuvant curative-intent therapy
COMPV4-BRCA-0020,2025-01-31,Invasive breast carcinoma,IIIA,Negative,Negative,Amplified,HER2+,3,premenopausal,4.4,N1,neoadjuvant curative-intent therapy
COMPV4-BRCA-0021,2025-01-26,Invasive breast carcinoma,IIIA,Positive,Positive,Not amplified,HR+/HER2-,3,perimenopausal,6.9,N3,neoadjuvant curative-intent therapy
COMPV4-BRCA-0022,2025-01-17,Invasive breast carcinoma,IIIA,Negative,Negative,Amplified,HER2+,3,perimenopausal,3.5,N1,neoadjuvant curative-intent therapy
COMPV4-BRCA-0023,2025-01-16,Invasive breast carcinoma,IIIB,Positive,Positive,Not amplified,HR+/HER2-,3,premenopausal,5.7,N1,neoadjuvant curative-intent therapy
COMPV4-BRCA-0024,2025-01-14,Invasive breast carcinoma,IIB,Negative,Negative,Not amplified,triple-negative,2,postmenopausal,6.1,N3,neoadjuvant curative-intent therapy
COMPV4-BRCA-0025,2025-01-29,Invasive breast carcinoma,IIA,Negative,Negative,Amplified,HER2+,2,premenopausal,5.6,N1,neoadjuvant curative-intent therapy
COMPV4-BRCA-0026,2025-02-04,Invasive breast carcinoma,IIIA,Positive,Positive,Not amplified,HR+/HER2-,3,perimenopausal,3.2,N0,neoadjuvant curative-intent therapy
COMPV4-BRCA-0027,2025-02-06,Invasive breast carcinoma,IIIB,Negative,Negative,Not amplified,triple-negative,2,premenopausal,3.4,N2,neoadjuvant curative-intent therapy
COMPV4-BRCA-0028,2025-01-25,Invasive breast carcinoma,IIA,Negative,Negative,Amplified,HER2+,3,postmenopausal,3.7,N0,neoadjuvant curative-intent therapy
COMPV4-BRCA-0029,2025-01-28,Invasive breast carcinoma,IIIB,Negative,Negative,Amplified,HER2+,3,premenopausal,5.8,N2,neoadjuvant curative-intent therapy
COMPV4-BRCA-0030,2025-02-01,Invasive breast carcinoma,IIIA,Negative,Negative,Not amplified,triple-negative,3,perimenopausal,7.0,N3,neoadjuvant curative-intent therapy
COMPV4-BRCA-0031,2025-02-13,Invasive breast carcinoma,IIIA,Negative,Negative,Not amplified,triple-negative,3,postmenopausal,6.6,N1,neoadjuvant curative-intent therapy
COMPV4-BRCA-0032,2025-02-16,Invasive breast carcinoma,IIB,Negative,Negative,Amplified,HER2+,3,premenopausal,2.4,N3,neoadjuvant curative-intent therapy
COMPV4-BRCA-0033,2025-02-25,Invasive breast carcinoma,IIA,Negative,Negative,Not amplified,triple-negative,3,postmenopausal,4.1,N1,neoadjuvant curative-intent therapy
COMPV4-BRCA-0034,2025-02-25,Invasive breast carcinoma,IIB,Positive,Positive,Not amplified,HR+/HER2-,3,postmenopausal,3.0,N2,neoadjuvant curative-intent therapy
COMPV4-BRCA-0035,2025-02-26,Invasive breast carcinoma,IIIB,Positive,Positive,Not amplified,HR+/HER2-,2,postmenopausal,5.0,N3,neoadjuvant curative-intent therapy
COMPV4-BRCA-0036,2025-03-01,Invasive breast carcinoma,IIIA,Negative,Negative,Amplified,HER2+,2,perimenopausal,6.9,N2,neoadjuvant curative-intent therapy
COMPV4-BRCA-0037,2025-02-09,Invasive breast carcinoma,IIA,Positive,Positive,Not amplified,HR+/HER2-,2,postmenopausal,2.5,N1,neoadjuvant curative-intent therapy
COMPV4-BRCA-0038,2025-02-18,Invasive breast carcinoma,IIA,Negative,Negative,Not amplified,triple-negative,2,perimenopausal,5.4,N2,neoadjuvant curative-intent therapy
COMPV4-BRCA-0039,2025-02-23,Invasive breast carcinoma,IIA,Positive,Positive,Amplified,HR+/HER2+,2,perimenopausal,6.3,N0,neoadjuvant curative-intent therapy
COMPV4-BRCA-0040,2025-02-21,Invasive breast carcinoma,IIB,Negative,Negative,Amplified,HER2+,3,postmenopausal,2.7,N2,neoadjuvant curative-intent therapy
COMPV4-BRCA-0041,2025-03-15,Invasive breast carcinoma,IIA,Positive,Positive,Amplified,HR+/HER2+,3,postmenopausal,4.1,N3,neoadjuvant curative-intent therapy
COMPV4-BRCA-0042,2025-02-14,Invasive breast carcinoma,IIIA,Negative,Negative,Amplified,HER2+,3,perimenopausal,6.4,N0,neoadjuvant curative-intent therapy
COMPV4-BRCA-0043,2025-03-08,Invasive breast carcinoma,IIB,Positive,Positive,Not amplified,HR+/HER2-,3,perimenopausal,3.0,N1,neoadjuvant curative-intent therapy
COMPV4-BRCA-0044,2025-02-19,Invasive breast carcinoma,IIA,Negative,Negative,Not amplified,triple-negative,3,perimenopausal,4.1,N1,neoadjuvant curative-intent therapy
COMPV4-BRCA-0045,2025-02-28,Invasive breast carcinoma,IIIA,Positive,Positive,Not amplified,HR+/HER2-,2,perimenopausal,4.4,N2,neoadjuvant curative-intent therapy
COMPV4-BRCA-0046,2025-03-25,Invasive breast carcinoma,IIIA,Positive,Positive,Not amplified,HR+/HER2-,3,perimenopausal,3.7,N1,neoadjuvant curative-intent therapy
COMPV4-BRCA-0047,2025-03-11,Invasive breast carcinoma,IIA,Negative,Negative,Not amplified,triple-negative,3,postmenopausal,3.7,N1,neoadjuvant curative-intent therapy
COMPV4-BRCA-0048,2025-03-22,Invasive breast carcinoma,IIIA,Positive,Positive,Not amplified,HR+/HER2-,2,premenopausal,7.0,N1,neoadjuvant curative-intent therapy
COMPV4-BRCA-0049,2025-03-17,Invasive breast carcinoma,IIA,Positive,Positive,Not amplified,HR+/HER2-,3,premenopausal,2.3,N1,neoadjuvant curative-intent therapy
COMPV4-BRCA-0050,2025-03-16,Invasive breast carcinoma,IIIA,Positive,Positive,Not amplified,HR+/HER2-,3,postmenopausal,4.4,N1,neoadjuvant curative-intent therapy
COMPV4-BRCA-0051,2025-03-24,Invasive breast carcinoma,IIB,Negative,Negative,Not amplified,triple-negative,3,perimenopausal,4.8,N3,neoadjuvant curative-intent therapy
COMPV4-BRCA-0052,2025-04-01,Invasive breast carcinoma,IIA,Negative,Negative,Amplified,HER2+,3,postmenopausal,3.8,N0,neoadjuvant curative-intent therapy
COMPV4-BRCA-0053,2025-03-16,Invasive breast carcinoma,IIA,Positive,Positive,Amplified,HR+/HER2+,2,perimenopausal,6.6,N1,neoadjuvant curative-intent therapy
COMPV4-BRCA-0054,2025-03-28,Invasive breast carcinoma,IIA,Negative,Negative,Not amplified,triple-negative,3,perimenopausal,5.8,N3,neoadjuvant curative-intent therapy
COMPV4-BRCA-0055,2025-03-14,Invasive breast carcinoma,IIA,Negative,Negative,Amplified,HER2+,2,perimenopausal,4.5,N1,neoadjuvant curative-intent therapy
COMPV4-BRCA-0056,2025-03-25,Invasive breast carcinoma,IIIB,Positive,Positive,Not amplified,HR+/HER2-,2,premenopausal,3.8,N1,neoadjuvant curative-intent therapy
COMPV4-BRCA-0057,2025-04-09,Invasive breast carcinoma,IIIB,Positive,Positive,Amplified,HR+/HER2+,3,perimenopausal,4.7,N2,neoadjuvant curative-intent therapy
COMPV4-BRCA-0058,2025-04-02,Invasive breast carcinoma,IIB,Negative,Negative,Not amplified,triple-negative,3,premenopausal,2.2,N2,neoadjuvant curative-intent therapy
COMPV4-BRCA-0059,2025-04-17,Invasive breast carcinoma,IIA,Positive,Positive,Amplified,HR+/HER2+,2,premenopausal,4.3,N1,neoadjuvant curative-intent therapy
COMPV4-BRCA-0060,2025-04-18,Invasive breast carcinoma,IIIA,Negative,Negative,Not amplified,triple-negative,3,postmenopausal,3.6,N1,neoadjuvant curative-intent therapy
COMPV4-BRCA-0061,2025-04-13,Invasive breast carcinoma,IIA,Negative,Negative,Not amplified,triple-negative,3,premenopausal,6.6,N2,neoadjuvant curative-intent therapy
COMPV4-BRCA-0062,2025-04-14,Invasive breast carcinoma,IIB,Positive,Positive,Not amplified,HR+/HER2-,2,postmenopausal,4.2,N0,neoadjuvant curative-intent therapy
COMPV4-BRCA-0063,2025-04-18,Invasive breast carcinoma,IIIB,Positive,Positive,Not amplified,HR+/HER2-,3,postmenopausal,6.8,N3,neoadjuvant curative-intent therapy
COMPV4-BRCA-0064,2025-04-29,Invasive breast carcinoma,IIA,Positive,Positive,Not amplified,HR+/HER2-,2,premenopausal,5.6,N1,neoadjuvant curative-intent therapy
COMPV4-BRCA-0065,2025-04-07,Invasive breast carcinoma,IIB,Positive,Positive,Not amplified,HR+/HER2-,3,premenopausal,4.0,N2,neoadjuvant curative-intent therapy
COMPV4-BRCA-0066,2025-04-19,Invasive breast carcinoma,IIIB,Positive,Positive,Not amplified,HR+/HER2-,2,premenopausal,5.1,N3,neoadjuvant curative-intent therapy
COMPV4-BRCA-0067,2025-04-23,Invasive breast carcinoma,IIIB,Positive,Positive,Not amplified,HR+/HER2-,2,postmenopausal,3.9,N1,neoadjuvant curative-intent therapy
COMPV4-BRCA-0068,2025-04-19,Invasive breast carcinoma,IIIB,Positive,Positive,Not amplified,HR+/HER2-,3,premenopausal,7.0,N1,neoadjuvant curative-intent therapy
COMPV4-BRCA-0069,2025-04-14,Invasive breast carcinoma,IIA,Positive,Positive,Not amplified,HR+/HER2-,3,postmenopausal,5.9,N1,neoadjuvant curative-intent therapy
COMPV4-BRCA-0070,2025-05-01,Invasive breast carcinoma,IIIA,Positive,Positive,Not amplified,HR+/HER2-,3,postmenopausal,5.6,N3,neoadjuvant curative-intent therapy
COMPV4-BRCA-0071,2025-04-24,Invasive breast carcinoma,IIB,Positive,Positive,Not amplified,HR+/HER2-,3,premenopausal,7.0,N0,neoadjuvant curative-intent therapy
COMPV4-BRCA-0072,2025-04-17,Invasive breast carcinoma,IIA,Positive,Positive,Amplified,HR+/HER2+,3,perimenopausal,4.9,N3,neoadjuvant curative-intent therapy
COMPV4-BRCA-0073,2025-04-30,Invasive breast carcinoma,IIIB,Positive,Positive,Not amplified,HR+/HER2-,3,premenopausal,4.3,N1,neoadjuvant curative-intent therapy
COMPV4-BRCA-0074,2025-05-13,Invasive breast carcinoma,IIIB,Positive,Positive,Not amplified,HR+/HER2-,3,perimenopausal,3.0,N1,neoadjuvant curative-intent therapy
COMPV4-BRCA-0075,2025-05-05,Invasive breast carcinoma,IIIA,Negative,Negative,Not amplified,triple-negative,3,perimenopausal,4.4,N0,neoadjuvant curative-intent therapy
COMPV4-BRCA-0076,2025-05-03,Invasive breast carcinoma,IIA,Negative,Negative,Not amplified,triple-negative,3,postmenopausal,3.2,N2,neoadjuvant curative-intent therapy
COMPV4-BRCA-0077,2025-05-05,Invasive breast carcinoma,IIIA,Positive,Positive,Not amplified,HR+/HER2-,3,postmenopausal,7.2,N1,neoadjuvant curative-intent therapy
COMPV4-BRCA-0078,2025-05-09,Invasive breast carcinoma,IIIA,Positive,Positive,Not amplified,HR+/HER2-,2,perimenopausal,6.8,N1,neoadjuvant curative-intent therapy
COMPV4-BRCA-0079,2025-05-09,Invasive breast carcinoma,IIIB,Negative,Negative,Amplified,HER2+,3,postmenopausal,4.0,N3,neoadjuvant curative-intent therapy
COMPV4-BRCA-0080,2025-05-16,Invasive breast carcinoma,IIIA,Positive,Positive,Not amplified,HR+/HER2-,3,postmenopausal,5.0,N1,neoadjuvant curative-intent therapy
COMPV4-BRCA-0081,2025-05-09,Invasive breast carcinoma,IIIA,Negative,Negative,Amplified,HER2+,3,premenopausal,4.4,N3,neoadjuvant curative-intent therapy
COMPV4-BRCA-0082,2025-05-24,Invasive breast carcinoma,IIIB,Positive,Positive,Amplified,HR+/HER2+,3,premenopausal,3.8,N1,neoadjuvant curative-intent therapy
COMPV4-BRCA-0083,2025-06-03,Invasive breast carcinoma,IIB,Negative,Negative,Amplified,HER2+,2,premenopausal,4.9,N2,neoadjuvant curative-intent therapy
COMPV4-BRCA-0084,2025-06-06,Invasive breast carcinoma,IIIB,Positive,Positive,Not amplified,HR+/HER2-,3,premenopausal,3.6,N1,neoadjuvant curative-intent therapy
COMPV4-BRCA-0085,2025-05-30,Invasive breast carcinoma,IIA,Negative,Negative,Amplified,HER2+,2,premenopausal,5.0,N1,neoadjuvant curative-intent therapy
COMPV4-BRCA-0086,2025-06-04,Invasive breast carcinoma,IIIB,Positive,Positive,Not amplified,HR+/HER2-,3,postmenopausal,6.3,N2,neoadjuvant curative-intent therapy
COMPV4-BRCA-0087,2025-05-23,Invasive breast carcinoma,IIIB,Negative,Negative,Amplified,HER2+,3,premenopausal,3.0,N3,neoadjuvant curative-intent therapy
COMPV4-BRCA-0088,2025-06-02,Invasive breast carcinoma,IIIB,Negative,Negative,Amplified,HER2+,3,postmenopausal,5.6,N2,neoadjuvant curative-intent therapy
COMPV4-BRCA-0089,2025-05-27,Invasive breast carcinoma,IIIA,Negative,Negative,Not amplified,triple-negative,3,perimenopausal,2.1,N2,neoadjuvant curative-intent therapy
COMPV4-BRCA-0090,2025-06-02,Invasive breast carcinoma,IIIA,Positive,Positive,Not amplified,HR+/HER2-,3,postmenopausal,4.7,N2,neoadjuvant curative-intent therapy
COMPV4-BRCA-0091,2025-06-18,Invasive breast carcinoma,IIA,Positive,Positive,Not amplified,HR+/HER2-,2,postmenopausal,4.1,N3,neoadjuvant curative-intent therapy
COMPV4-BRCA-0092,2025-06-14,Invasive breast carcinoma,IIA,Positive,Positive,Not amplified,HR+/HER2-,2,perimenopausal,4.2,N0,neoadjuvant curative-intent therapy
COMPV4-BRCA-0093,2025-05-27,Invasive breast carcinoma,IV,Positive,Positive,Not amplified,HR+/HER2-,3,premenopausal,2.5,N3,palliative disease control
COMPV4-BRCA-0094,2025-06-15,Invasive breast carcinoma,IIB,Positive,Positive,Not amplified,HR+/HER2-,3,postmenopausal,4.4,N0,neoadjuvant curative-intent therapy
COMPV4-BRCA-0095,2025-06-07,Invasive breast carcinoma,IIIB,Positive,Positive,Amplified,HR+/HER2+,2,postmenopausal,3.5,N1,neoadjuvant curative-intent therapy
COMPV4-BRCA-0096,2025-06-13,Invasive breast carcinoma,IIA,Negative,Negative,Not amplified,triple-negative,3,postmenopausal,5.9,N0,neoadjuvant curative-intent therapy
COMPV4-BRCA-0097,2025-06-25,Invasive breast carcinoma,IIIB,Positive,Positive,Not amplified,HR+/HER2-,2,perimenopausal,2.8,N1,neoadjuvant curative-intent therapy
COMPV4-BRCA-0098,2025-06-16,Invasive breast carcinoma,IIIA,Positive,Positive,Not amplified,HR+/HER2-,3,premenopausal,4.7,N0,neoadjuvant curative-intent therapy
COMPV4-BRCA-0099,2025-06-11,Invasive breast carcinoma,IIA,Negative,Negative,Amplified,HER2+,3,premenopausal,3.5,N0,neoadjuvant curative-intent therapy
COMPV4-BRCA-0100,2025-07-08,Invasive breast carcinoma,IIB,Negative,Negative,Amplified,HER2+,3,premenopausal,4.8,N0,neoadjuvant curative-intent therapy
COMPV4-BRCA-0101,2025-06-16,Invasive breast carcinoma,IIA,Negative,Negative,Amplified,HER2+,3,perimenopausal,2.5,N1,neoadjuvant curative-intent therapy
COMPV4-BRCA-0102,2025-07-07,Invasive breast carcinoma,IIA,Negative,Negative,Not amplified,triple-negative,3,premenopausal,2.1,N0,neoadjuvant curative-intent therapy
COMPV4-BRCA-0103,2025-06-16,Invasive breast carcinoma,IIIB,Negative,Negative,Amplified,HER2+,3,premenopausal,3.5,N3,neoadjuvant curative-intent therapy
COMPV4-BRCA-0104,2025-06-24,Invasive breast carcinoma,IIB,Positive,Positive,Not amplified,HR+/HER2-,2,perimenopausal,7.0,N0,neoadjuvant curative-intent therapy
COMPV4-BRCA-0105,2025-06-20,Invasive breast carcinoma,IIIA,Negative,Negative,Not amplified,triple-negative,2,postmenopausal,6.1,N1,neoadjuvant curative-intent therapy
COMPV4-BRCA-0106,2025-07-18,Invasive breast carcinoma,IIIB,Negative,Negative,Not amplified,triple-negative,3,postmenopausal,4.9,N3,neoadjuvant curative-intent therapy
COMPV4-BRCA-0107,2025-07-01,Invasive breast carcinoma,IIB,Positive,Positive,Not amplified,HR+/HER2-,2,premenopausal,4.4,N1,neoadjuvant curative-intent therapy
COMPV4-BRCA-0108,2025-07-07,Invasive breast carcinoma,IIA,Positive,Positive,Not amplified,HR+/HER2-,3,perimenopausal,7.2,N3,neoadjuvant curative-intent therapy
COMPV4-BRCA-0109,2025-07-13,Invasive breast carcinoma,IIA,Positive,Positive,Amplified,HR+/HER2+,2,premenopausal,7.1,N1,neoadjuvant curative-intent therapy
COMPV4-BRCA-0110,2025-07-13,Invasive breast carcinoma,IIA,Positive,Positive,Not amplified,HR+/HER2-,3,premenopausal,6.7,N1,neoadjuvant curative-intent therapy
COMPV4-BRCA-0111,2025-07-09,Invasive breast carcinoma,IIB,Positive,Positive,Not amplified,HR+/HER2-,3,perimenopausal,3.3,N2,neoadjuvant curative-intent therapy
COMPV4-BRCA-0112,2025-07-28,Invasive breast carcinoma,IIA,Negative,Negative,Amplified,HER2+,2,perimenopausal,6.0,N1,neoadjuvant curative-intent therapy
COMPV4-BRCA-0113,2025-07-21,Invasive breast carcinoma,IIA,Positive,Positive,Not amplified,HR+/HER2-,2,perimenopausal,3.5,N1,neoadjuvant curative-intent therapy
COMPV4-BRCA-0114,2025-07-10,Invasive breast carcinoma,IIB,Negative,Negative,Amplified,HER2+,2,premenopausal,6.3,N0,neoadjuvant curative-intent therapy
COMPV4-BRCA-0115,2025-07-31,Invasive breast carcinoma,IIB,Positive,Positive,Not amplified,HR+/HER2-,3,perimenopausal,6.2,N0,neoadjuvant curative-intent therapy
COMPV4-BRCA-0116,2025-08-09,Invasive breast carcinoma,IIA,Positive,Positive,Not amplified,HR+/HER2-,3,perimenopausal,5.9,N1,neoadjuvant curative-intent therapy
COMPV4-BRCA-0117,2025-07-31,Invasive breast carcinoma,IIA,Negative,Negative,Amplified,HER2+,3,perimenopausal,3.0,N1,neoadjuvant curative-intent therapy
COMPV4-BRCA-0118,2025-08-12,Invasive breast carcinoma,IIIB,Negative,Negative,Amplified,HER2+,3,postmenopausal,3.8,N2,neoadjuvant curative-intent therapy
COMPV4-BRCA-0119,2025-07-19,Invasive breast carcinoma,IIB,Positive,Positive,Not amplified,HR+/HER2-,2,postmenopausal,5.3,N3,neoadjuvant curative-intent therapy
COMPV4-BRCA-0120,2025-07-25,Invasive breast carcinoma,IIB,Positive,Positive,Not amplified,HR+/HER2-,2,postmenopausal,6.7,N1,neoadjuvant curative-intent therapy
COMPV4-BRCA-0121,2025-07-29,Invasive breast carcinoma,IIB,Negative,Negative,Not amplified,triple-negative,3,premenopausal,5.3,N1,neoadjuvant curative-intent therapy
COMPV4-BRCA-0122,2025-08-19,Invasive breast carcinoma,IIIA,Negative,Negative,Amplified,HER2+,3,premenopausal,6.4,N0,neoadjuvant curative-intent therapy
COMPV4-BRCA-0123,2025-08-01,Invasive breast carcinoma,IIIA,Negative,Negative,Amplified,HER2+,2,postmenopausal,3.8,N1,neoadjuvant curative-intent therapy
COMPV4-BRCA-0124,2025-08-21,Invasive breast carcinoma,IIIA,Positive,Positive,Not amplified,HR+/HER2-,3,perimenopausal,5.4,N3,neoadjuvant curative-intent therapy
COMPV4-BRCA-0125,2025-08-21,Invasive breast carcinoma,IIIA,Negative,Negative,Not amplified,triple-negative,3,perimenopausal,6.4,N1,neoadjuvant curative-intent therapy
COMPV4-BRCA-0126,2025-08-21,Invasive breast carcinoma,IIIB,Positive,Positive,Not amplified,HR+/HER2-,3,postmenopausal,6.4,N2,neoadjuvant curative-intent therapy
COMPV4-BRCA-0127,2025-08-31,Invasive breast carcinoma,IIB,Positive,Positive,Amplified,HR+/HER2+,3,premenopausal,2.8,N2,neoadjuvant curative-intent therapy
COMPV4-BRCA-0128,2025-08-29,Invasive breast carcinoma,IIB,Positive,Positive,Not amplified,HR+/HER2-,2,perimenopausal,2.5,N2,neoadjuvant curative-intent therapy
COMPV4-BRCA-0129,2025-08-26,Invasive breast carcinoma,IIIA,Negative,Negative,Not amplified,triple-negative,3,perimenopausal,3.8,N3,neoadjuvant curative-intent therapy
COMPV4-BRCA-0130,2025-08-29,Invasive breast carcinoma,IIIA,Positive,Positive,Not amplified,HR+/HER2-,3,postmenopausal,5.7,N1,neoadjuvant curative-intent therapy
COMPV4-BRCA-0131,2025-08-29,Invasive breast carcinoma,IIB,Negative,Negative,Amplified,HER2+,2,perimenopausal,5.4,N3,neoadjuvant curative-intent therapy
COMPV4-BRCA-0132,2025-08-31,Invasive breast carcinoma,IIIB,Positive,Positive,Not amplified,HR+/HER2-,2,postmenopausal,4.2,N1,neoadjuvant curative-intent therapy
COMPV4-BRCA-0133,2025-09-07,Invasive breast carcinoma,IIIB,Positive,Positive,Not amplified,HR+/HER2-,2,postmenopausal,2.7,N0,neoadjuvant curative-intent therapy
COMPV4-BRCA-0134,2025-08-25,Invasive breast carcinoma,IIA,Negative,Negative,Amplified,HER2+,2,postmenopausal,6.5,N3,neoadjuvant curative-intent therapy
COMPV4-BRCA-0135,2025-09-16,Invasive breast carcinoma,IIIB,Negative,Negative,Not amplified,triple-negative,3,perimenopausal,3.7,N1,neoadjuvant curative-intent therapy
COMPV4-BRCA-0136,2025-09-17,Invasive breast carcinoma,IIIB,Positive,Positive,Not amplified,HR+/HER2-,3,postmenopausal,6.0,N1,neoadjuvant curative-intent therapy
COMPV4-BRCA-0137,2025-09-11,Invasive breast carcinoma,IIIB,Positive,Positive,Not amplified,HR+/HER2-,3,postmenopausal,4.8,N2,neoadjuvant curative-intent therapy
COMPV4-BRCA-0138,2025-09-25,Invasive breast carcinoma,IIA,Positive,Positive,Not amplified,HR+/HER2-,2,postmenopausal,5.1,N2,neoadjuvant curative-intent therapy
COMPV4-BRCA-0139,2025-09-05,Invasive breast carcinoma,IIIB,Negative,Negative,Not amplified,triple-negative,3,perimenopausal,5.2,N1,neoadjuvant curative-intent therapy
COMPV4-BRCA-0140,2025-08-30,Invasive breast carcinoma,IIIA,Negative,Negative,Not amplified,triple-negative,2,postmenopausal,2.3,N1,neoadjuvant curative-intent therapy
COMPV4-BRCA-0141,2025-09-14,Invasive breast carcinoma,IIIB,Positive,Positive,Not amplified,HR+/HER2-,3,premenopausal,6.9,N1,neoadjuvant curative-intent therapy
COMPV4-BRCA-0142,2025-09-08,Invasive breast carcinoma,IIIA,Negative,Negative,Not amplified,triple-negative,3,postmenopausal,3.3,N3,neoadjuvant curative-intent therapy
COMPV4-BRCA-0143,2025-10-05,Invasive breast carcinoma,IIIA,Positive,Positive,Not amplified,HR+/HER2-,3,perimenopausal,6.3,N0,neoadjuvant curative-intent therapy
COMPV4-BRCA-0144,2025-09-18,Invasive breast carcinoma,IIIA,Positive,Positive,Not amplified,HR+/HER2-,2,perimenopausal,7.0,N2,neoadjuvant curative-intent therapy
COMPV4-BRCA-0145,2025-09-29,Invasive breast carcinoma,IIB,Positive,Positive,Not amplified,HR+/HER2-,3,postmenopausal,3.9,N1,neoadjuvant curative-intent therapy
COMPV4-BRCA-0146,2025-09-29,Invasive breast carcinoma,IIB,Positive,Positive,Not amplified,HR+/HER2-,3,postmenopausal,4.6,N2,neoadjuvant curative-intent therapy
COMPV4-BRCA-0147,2025-09-26,Invasive breast carcinoma,IIB,Positive,Positive,Not amplified,HR+/HER2-,3,premenopausal,4.1,N2,neoadjuvant curative-intent therapy
COMPV4-BRCA-0148,2025-09-19,Invasive breast carcinoma,IIB,Negative,Negative,Not amplified,triple-negative,3,perimenopausal,4.4,N0,neoadjuvant curative-intent therapy
COMPV4-BRCA-0149,2025-09-23,Invasive breast carcinoma,IIA,Negative,Negative,Not amplified,triple-negative,2,perimenopausal,2.8,N2,neoadjuvant curative-intent therapy
COMPV4-BRCA-0150,2025-10-11,Invasive breast carcinoma,IIIB,Negative,Negative,Amplified,HER2+,3,postmenopausal,4.3,N2,neoadjuvant curative-intent therapy
COMPV4-BRCA-0151,2025-09-29,Invasive breast carcinoma,IIB,Positive,Positive,Not amplified,HR+/HER2-,3,perimenopausal,5.6,N2,neoadjuvant curative-intent therapy
COMPV4-BRCA-0152,2025-09-25,Invasive breast carcinoma,IIIB,Positive,Positive,Not amplified,HR+/HER2-,2,premenopausal,6.0,N1,neoadjuvant curative-intent therapy
COMPV4-BRCA-0153,2025-10-18,Invasive breast carcinoma,IIA,Negative,Negative,Amplified,HER2+,3,premenopausal,4.1,N2,neoadjuvant curative-intent therapy
COMPV4-BRCA-0154,2025-10-16,Invasive breast carcinoma,IIB,Positive,Positive,Not amplified,HR+/HER2-,3,postmenopausal,6.2,N1,neoadjuvant curative-intent therapy
COMPV4-BRCA-0155,2025-09-29,Invasive breast carcinoma,IIIA,Positive,Positive,Amplified,HR+/HER2+,3,perimenopausal,7.1,N3,neoadjuvant curative-intent therapy
COMPV4-BRCA-0156,2025-10-07,Invasive breast carcinoma,IIIA,Negative,Negative,Amplified,HER2+,3,premenopausal,2.6,N3,neoadjuvant curative-intent therapy
COMPV4-BRCA-0157,2025-10-30,Invasive breast carcinoma,IIA,Negative,Negative,Not amplified,triple-negative,2,postmenopausal,3.9,N0,neoadjuvant curative-intent therapy
COMPV4-BRCA-0158,2025-11-04,Invasive breast carcinoma,IIB,Positive,Positive,Amplified,HR+/HER2+,2,premenopausal,2.6,N1,neoadjuvant curative-intent therapy
COMPV4-BRCA-0159,2025-10-25,Invasive breast carcinoma,IIB,Positive,Positive,Amplified,HR+/HER2+,2,premenopausal,3.6,N1,neoadjuvant curative-intent therapy
COMPV4-BRCA-0160,2025-10-13,Invasive breast carcinoma,IIIA,Negative,Negative,Not amplified,triple-negative,2,perimenopausal,2.4,N1,neoadjuvant curative-intent therapy
COMPV4-BRCA-0161,2025-10-10,Invasive breast carcinoma,IIA,Positive,Positive,Not amplified,HR+/HER2-,3,perimenopausal,4.6,N1,neoadjuvant curative-intent therapy
COMPV4-BRCA-0162,2025-10-12,Invasive breast carcinoma,IIIB,Negative,Negative,Amplified,HER2+,2,postmenopausal,4.8,N2,neoadjuvant curative-intent therapy
COMPV4-BRCA-0163,2025-10-15,Invasive breast carcinoma,IIIB,Negative,Negative,Not amplified,triple-negative,2,postmenopausal,3.4,N2,neoadjuvant curative-intent therapy
COMPV4-BRCA-0164,2025-10-31,Invasive breast carcinoma,IV,Negative,Negative,Amplified,HER2+,3,perimenopausal,4.8,N1,palliative disease control
COMPV4-BRCA-0165,2025-11-05,Invasive breast carcinoma,IIA,Positive,Positive,Not amplified,HR+/HER2-,3,premenopausal,2.1,N3,neoadjuvant curative-intent therapy
COMPV4-BRCA-0166,2025-10-24,Invasive breast carcinoma,IIIB,Positive,Positive,Not amplified,HR+/HER2-,3,premenopausal,3.5,N1,neoadjuvant curative-intent therapy
COMPV4-BRCA-0167,2025-11-09,Invasive breast carcinoma,IIB,Negative,Negative,Amplified,HER2+,3,postmenopausal,2.2,N1,neoadjuvant curative-intent therapy
COMPV4-BRCA-0168,2025-11-06,Invasive breast carcinoma,IIA,Negative,Negative,Not amplified,triple-negative,3,premenopausal,6.8,N2,neoadjuvant curative-intent therapy
COMPV4-BRCA-0169,2025-10-28,Invasive breast carcinoma,IIIA,Positive,Positive,Not amplified,HR+/HER2-,2,perimenopausal,2.6,N0,neoadjuvant curative-intent therapy
COMPV4-BRCA-0170,2025-11-16,Invasive breast carcinoma,IIIA,Positive,Positive,Not amplified,HR+/HER2-,2,premenopausal,3.8,N3,neoadjuvant curative-intent therapy
COMPV4-BRCA-0171,2025-11-11,Invasive breast carcinoma,IIIB,Positive,Positive,Not amplified,HR+/HER2-,3,premenopausal,5.6,N0,neoadjuvant curative-intent therapy
COMPV4-BRCA-0172,2025-11-21,Invasive breast carcinoma,IIIB,Negative,Negative,Not amplified,triple-negative,3,postmenopausal,4.1,N3,neoadjuvant curative-intent therapy
COMPV4-BRCA-0173,2025-11-25,Invasive breast carcinoma,IIB,Positive,Positive,Not amplified,HR+/HER2-,3,postmenopausal,2.2,N1,neoadjuvant curative-intent therapy
COMPV4-BRCA-0174,2025-11-24,Invasive breast carcinoma,IIB,Positive,Positive,Not amplified,HR+/HER2-,2,postmenopausal,6.0,N2,neoadjuvant curative-intent therapy
COMPV4-BRCA-0175,2025-11-24,Invasive breast carcinoma,IIIB,Positive,Positive,Not amplified,HR+/HER2-,3,premenopausal,7.0,N1,neoadjuvant curative-intent therapy
COMPV4-BRCA-0176,2025-12-01,Invasive breast carcinoma,IIIB,Negative,Negative,Not amplified,triple-negative,2,premenopausal,3.8,N2,neoadjuvant curative-intent therapy
COMPV4-BRCA-0177,2025-12-04,Invasive breast carcinoma,IIIA,Positive,Positive,Not amplified,HR+/HER2-,3,postmenopausal,3.8,N0,neoadjuvant curative-intent therapy
COMPV4-BRCA-0178,2025-12-02,Invasive breast carcinoma,IIA,Negative,Negative,Not amplified,triple-negative,3,postmenopausal,4.2,N0,neoadjuvant curative-intent therapy
COMPV4-BRCA-0179,2025-12-13,Invasive breast carcinoma,IIA,Negative,Negative,Not amplified,triple-negative,3,perimenopausal,3.9,N2,neoadjuvant curative-intent therapy
COMPV4-BRCA-0180,2025-11-17,Invasive breast carcinoma,IIA,Positive,Positive,Not amplified,HR+/HER2-,3,premenopausal,6.0,N2,neoadjuvant curative-intent therapy
COMPV4-BRCA-0181,2025-12-14,Invasive breast carcinoma,IIA,Positive,Positive,Not amplified,HR+/HER2-,2,postmenopausal,2.5,N3,neoadjuvant curative-intent therapy
COMPV4-BRCA-0182,2025-12-20,Invasive breast carcinoma,IIIB,Positive,Positive,Not amplified,HR+/HER2-,3,postmenopausal,3.1,N1,neoadjuvant curative-intent therapy
COMPV4-BRCA-0183,2025-12-18,Invasive breast carcinoma,IV,Negative,Negative,Not amplified,triple-negative,2,postmenopausal,5.3,N2,palliative disease control
COMPV4-BRCA-0184,2025-12-16,Invasive breast carcinoma,IIIB,Negative,Negative,Amplified,HER2+,3,postmenopausal,3.3,N3,neoadjuvant curative-intent therapy
COMPV4-BRCA-0185,2025-12-09,Invasive breast carcinoma,IIIB,Positive,Positive,Amplified,HR+/HER2+,3,postmenopausal,3.2,N1,neoadjuvant curative-intent therapy
COMPV4-BRCA-0186,2025-12-25,Invasive breast carcinoma,IIIA,Positive,Positive,Not amplified,HR+/HER2-,3,perimenopausal,2.3,N0,neoadjuvant curative-intent therapy
COMPV4-BRCA-0187,2025-12-09,Invasive breast carcinoma,IIIA,Negative,Negative,Amplified,HER2+,3,postmenopausal,5.3,N2,neoadjuvant curative-intent therapy
COMPV4-BRCA-0188,2025-12-29,Invasive breast carcinoma,IIA,Positive,Positive,Not amplified,HR+/HER2-,3,perimenopausal,4.0,N1,neoadjuvant curative-intent therapy
COMPV4-BRCA-0189,2026-01-02,Invasive breast carcinoma,IIIB,Positive,Positive,Not amplified,HR+/HER2-,2,perimenopausal,4.0,N2,neoadjuvant curative-intent therapy
COMPV4-BRCA-0190,2025-12-16,Invasive breast carcinoma,IIB,Negative,Negative,Not amplified,triple-negative,2,perimenopausal,2.5,N2,neoadjuvant curative-intent therapy
COMPV4-BRCA-0191,2025-12-23,Invasive breast carcinoma,IIIB,Negative,Negative,Amplified,HER2+,3,premenopausal,4.4,N3,neoadjuvant curative-intent therapy
COMPV4-BRCA-0192,2025-12-28,Invasive breast carcinoma,IIIA,Positive,Positive,Amplified,HR+/HER2+,3,perimenopausal,3.8,N0,neoadjuvant curative-intent therapy
COMPV4-BRCA-0193,2025-12-31,Invasive breast carcinoma,IIB,Negative,Negative,Not amplified,triple-negative,3,premenopausal,3.9,N2,neoadjuvant curative-intent therapy
COMPV4-BRCA-0194,2025-12-26,Invasive breast carcinoma,IIIB,Positive,Positive,Not amplified,HR+/HER2-,3,postmenopausal,7.1,N1,neoadjuvant curative-intent therapy
COMPV4-BRCA-0195,2026-01-05,Invasive breast carcinoma,IIIA,Negative,Negative,Amplified,HER2+,3,premenopausal,3.8,N1,neoadjuvant curative-intent therapy
COMPV4-BRCA-0196,2025-12-30,Invasive breast carcinoma,IIB,Positive,Positive,Not amplified,HR+/HER2-,2,perimenopausal,3.8,N1,neoadjuvant curative-intent therapy
COMPV4-BRCA-0197,2025-12-24,Invasive breast carcinoma,IIIB,Negative,Negative,Not amplified,triple-negative,3,premenopausal,3.7,N1,neoadjuvant curative-intent therapy
COMPV4-BRCA-0198,2026-01-06,Invasive breast carcinoma,IIIA,Negative,Negative,Not amplified,triple-negative,3,perimenopausal,6.1,N0,neoadjuvant curative-intent therapy
COMPV4-BRCA-0199,2026-01-25,Invasive breast carcinoma,IIB,Negative,Negative,Amplified,HER2+,2,postmenopausal,5.4,N3,neoadjuvant curative-intent therapy
COMPV4-BRCA-0200,2026-01-13,Invasive breast carcinoma,IIB,Negative,Negative,Not amplified,triple-negative,3,postmenopausal,3.0,N1,neoadjuvant curative-intent therapy
COMPV4-BRCA-0201,2026-01-18,Invasive breast carcinoma,IIIB,Negative,Negative,Not amplified,triple-negative,3,premenopausal,6.8,N1,neoadjuvant curative-intent therapy
COMPV4-BRCA-0202,2026-01-16,Invasive breast carcinoma,IIB,Positive,Positive,Amplified,HR+/HER2+,3,premenopausal,5.7,N0,neoadjuvant curative-intent therapy
COMPV4-BRCA-0203,2026-01-22,Invasive breast carcinoma,IIA,Negative,Negative,Amplified,HER2+,2,postmenopausal,2.4,N1,neoadjuvant curative-intent therapy
COMPV4-BRCA-0204,2026-01-11,Invasive breast carcinoma,IIB,Positive,Positive,Not amplified,HR+/HER2-,3,perimenopausal,7.2,N0,neoadjuvant curative-intent therapy
COMPV4-BRCA-0205,2026-02-01,Invasive breast carcinoma,IIA,Negative,Negative,Not amplified,triple-negative,2,perimenopausal,3.7,N3,neoadjuvant curative-intent therapy
COMPV4-BRCA-0206,2026-01-14,Invasive breast carcinoma,IIB,Positive,Positive,Not amplified,HR+/HER2-,2,perimenopausal,4.5,N3,neoadjuvant curative-intent therapy
COMPV4-BRCA-0207,2026-02-02,Invasive breast carcinoma,IIIA,Positive,Positive,Amplified,HR+/HER2+,3,premenopausal,4.1,N0,neoadjuvant curative-intent therapy
COMPV4-BRCA-0208,2026-02-08,Invasive breast carcinoma,IIIA,Positive,Positive,Not amplified,HR+/HER2-,2,perimenopausal,4.9,N1,neoadjuvant curative-intent therapy
COMPV4-BRCA-0209,2026-02-08,Invasive breast carcinoma,IV,Negative,Negative,Amplified,HER2+,3,premenopausal,4.2,N1,palliative disease control
COMPV4-BRCA-0210,2026-01-27,Invasive breast carcinoma,IIA,Positive,Positive,Amplified,HR+/HER2+,3,postmenopausal,6.1,N0,neoadjuvant curative-intent therapy
COMPV4-BRCA-0211,2026-01-30,Invasive breast carcinoma,IIB,Positive,Positive,Not amplified,HR+/HER2-,2,premenopausal,6.7,N3,neoadjuvant curative-intent therapy
COMPV4-BRCA-0212,2026-01-25,Invasive breast carcinoma,IIB,Positive,Positive,Not amplified,HR+/HER2-,3,premenopausal,3.2,N1,neoadjuvant curative-intent therapy
COMPV4-BRCA-0213,2026-01-28,Invasive breast carcinoma,IIA,Positive,Positive,Amplified,HR+/HER2+,3,perimenopausal,6.1,N0,neoadjuvant curative-intent therapy
COMPV4-BRCA-0214,2026-02-03,Invasive breast carcinoma,IIA,Negative,Negative,Amplified,HER2+,3,premenopausal,2.5,N1,neoadjuvant curative-intent therapy
COMPV4-BRCA-0215,2026-02-01,Invasive breast carcinoma,IIB,Positive,Positive,Not amplified,HR+/HER2-,3,postmenopausal,4.8,N1,neoadjuvant curative-intent therapy
COMPV4-BRCA-0216,2026-02-16,Invasive breast carcinoma,IIA,Positive,Positive,Not amplified,HR+/HER2-,3,premenopausal,2.4,N1,neoadjuvant curative-intent therapy
COMPV4-BRCA-0217,2026-02-22,Invasive breast carcinoma,IIB,Negative,Negative,Amplified,HER2+,2,perimenopausal,3.2,N1,neoadjuvant curative-intent therapy
COMPV4-BRCA-0218,2026-03-04,Invasive breast carcinoma,IIB,Negative,Negative,Not amplified,triple-negative,2,perimenopausal,6.0,N1,neoadjuvant curative-intent therapy
COMPV4-BRCA-0219,2026-03-05,Invasive breast carcinoma,IIA,Positive,Positive,Not amplified,HR+/HER2-,3,postmenopausal,4.3,N2,neoadjuvant curative-intent therapy
COMPV4-BRCA-0220,2026-02-11,Invasive breast carcinoma,IIB,Negative,Negative,Amplified,HER2+,3,postmenopausal,5.3,N3,neoadjuvant curative-intent therapy
COMPV4-BRCA-0221,2026-02-27,Invasive breast carcinoma,IV,Negative,Negative,Not amplified,triple-negative,3,postmenopausal,5.9,N2,palliative disease control
COMPV4-BRCA-0222,2026-02-10,Invasive breast carcinoma,IV,Negative,Negative,Not amplified,triple-negative,2,perimenopausal,2.7,N0,palliative disease control
COMPV4-BRCA-0223,2026-02-17,Invasive breast carcinoma,IIB,Positive,Positive,Not amplified,HR+/HER2-,2,perimenopausal,2.1,N3,neoadjuvant curative-intent therapy
COMPV4-BRCA-0224,2026-02-22,Invasive breast carcinoma,IIB,Positive,Positive,Not amplified,HR+/HER2-,3,premenopausal,3.0,N3,neoadjuvant curative-intent therapy
COMPV4-BRCA-0225,2026-02-25,Invasive breast carcinoma,IIB,Negative,Negative,Not amplified,triple-negative,3,perimenopausal,2.1,N3,neoadjuvant curative-intent therapy
COMPV4-BRCA-0226,2026-02-22,Invasive breast carcinoma,IIIA,Negative,Negative,Not amplified,triple-negative,3,postmenopausal,6.3,N3,neoadjuvant curative-intent therapy
COMPV4-BRCA-0227,2026-03-15,Invasive breast carcinoma,IIB,Positive,Positive,Not amplified,HR+/HER2-,2,postmenopausal,2.4,N1,neoadjuvant curative-intent therapy
COMPV4-BRCA-0228,2026-03-12,Invasive breast carcinoma,IIA,Negative,Negative,Amplified,HER2+,3,premenopausal,6.9,N1,neoadjuvant curative-intent therapy
COMPV4-BRCA-0229,2026-03-08,Invasive breast carcinoma,IV,Positive,Positive,Amplified,HR+/HER2+,3,perimenopausal,4.1,N0,palliative disease control
COMPV4-BRCA-0230,2026-03-26,Invasive breast carcinoma,IIA,Positive,Positive,Not amplified,HR+/HER2-,3,postmenopausal,2.7,N1,neoadjuvant curative-intent therapy
COMPV4-BRCA-0231,2026-03-15,Invasive breast carcinoma,IIIA,Negative,Negative,Amplified,HER2+,3,postmenopausal,4.4,N1,neoadjuvant curative-intent therapy
COMPV4-BRCA-0232,2026-03-12,Invasive breast carcinoma,IIA,Positive,Positive,Not amplified,HR+/HER2-,3,postmenopausal,4.5,N0,neoadjuvant curative-intent therapy
COMPV4-BRCA-0233,2026-03-25,Invasive breast carcinoma,IIIA,Positive,Positive,Not amplified,HR+/HER2-,2,perimenopausal,4.9,N2,neoadjuvant curative-intent therapy
COMPV4-BRCA-0234,2026-03-07,Invasive breast carcinoma,IIIA,Negative,Negative,Amplified,HER2+,2,postmenopausal,6.4,N2,neoadjuvant curative-intent therapy
COMPV4-BRCA-0235,2026-03-26,Invasive breast carcinoma,IIIA,Negative,Negative,Not amplified,triple-negative,2,postmenopausal,6.3,N1,neoadjuvant curative-intent therapy
COMPV4-BRCA-0236,2026-04-07,Invasive breast carcinoma,IIIA,Positive,Positive,Amplified,HR+/HER2+,3,premenopausal,5.3,N2,neoadjuvant curative-intent therapy
COMPV4-BRCA-0237,2026-03-15,Invasive breast carcinoma,IIIA,Negative,Negative,Amplified,HER2+,3,postmenopausal,5.1,N1,neoadjuvant curative-intent therapy
COMPV4-BRCA-0238,2026-04-05,Invasive breast carcinoma,IIB,Positive,Positive,Not amplified,HR+/HER2-,2,perimenopausal,5.7,N1,neoadjuvant curative-intent therapy
COMPV4-BRCA-0239,2026-04-10,Invasive breast carcinoma,IIB,Negative,Negative,Not amplified,triple-negative,3,postmenopausal,4.2,N2,neoadjuvant curative-intent therapy
COMPV4-BRCA-0240,2026-04-12,Invasive breast carcinoma,IIA,Positive,Positive,Not amplified,HR+/HER2-,3,perimenopausal,4.8,N1,neoadjuvant curative-intent therapy
COMPV4-BRCA-0241,2026-04-02,Invasive breast carcinoma,IIIA,Negative,Negative,Amplified,HER2+,2,perimenopausal,4.6,N3,neoadjuvant curative-intent therapy
COMPV4-BRCA-0242,2026-04-20,Invasive breast carcinoma,IIIA,Positive,Positive,Not amplified,HR+/HER2-,3,perimenopausal,2.4,N3,neoadjuvant curative-intent therapy
COMPV4-BRCA-0243,2026-03-31,Invasive breast carcinoma,IIIA,Positive,Positive,Amplified,HR+/HER2+,3,premenopausal,4.6,N0,neoadjuvant curative-intent therapy
COMPV4-BRCA-0244,2026-04-17,Invasive breast carcinoma,IIIB,Positive,Positive,Not amplified,HR+/HER2-,2,perimenopausal,6.1,N0,neoadjuvant curative-intent therapy
COMPV4-BRCA-0245,2026-04-24,Invasive breast carcinoma,IIB,Positive,Positive,Amplified,HR+/HER2+,3,perimenopausal,2.5,N0,neoadjuvant curative-intent therapy
COMPV4-BRCA-0246,2026-04-13,Invasive breast carcinoma,IIA,Positive,Positive,Amplified,HR+/HER2+,3,premenopausal,3.8,N0,neoadjuvant curative-intent therapy
COMPV4-BRCA-0247,2026-04-15,Invasive breast carcinoma,IIB,Negative,Negative,Amplified,HER2+,3,postmenopausal,3.0,N2,neoadjuvant curative-intent therapy
COMPV4-BRCA-0248,2026-04-24,Invasive breast carcinoma,IIB,Positive,Positive,Not amplified,HR+/HER2-,3,perimenopausal,2.5,N2,neoadjuvant curative-intent therapy
COMPV4-BRCA-0249,2026-04-17,Invasive breast carcinoma,IIB,Negative,Negative,Amplified,HER2+,2,postmenopausal,3.2,N1,neoadjuvant curative-intent therapy
COMPV4-BRCA-0250,2026-04-25,Invasive breast carcinoma,IIB,Positive,Positive,Not amplified,HR+/HER2-,3,postmenopausal,4.8,N1,neoadjuvant curative-intent therapy
COMPV4-BRCA-0251,2026-05-09,Invasive breast carcinoma,IIB,Negative,Negative,Amplified,HER2+,3,postmenopausal,3.8,N2,neoadjuvant curative-intent therapy
COMPV4-BRCA-0252,2026-04-21,Invasive breast carcinoma,IIA,Negative,Negative,Amplified,HER2+,3,postmenopausal,2.6,N3,neoadjuvant curative-intent therapy
COMPV4-BRCA-0253,2026-05-10,Invasive breast carcinoma,IIB,Negative,Negative,Not amplified,triple-negative,2,premenopausal,2.8,N3,neoadjuvant curative-intent therapy
COMPV4-BRCA-0254,2026-05-06,Invasive breast carcinoma,IIB,Negative,Negative,Amplified,HER2+,2,perimenopausal,6.9,N1,neoadjuvant curative-intent therapy
COMPV4-BRCA-0255,2026-05-13,Invasive breast carcinoma,IIIA,Negative,Negative,Not amplified,triple-negative,3,perimenopausal,2.2,N2,neoadjuvant curative-intent therapy
COMPV4-BRCA-0256,2026-05-08,Invasive breast carcinoma,IIIA,Positive,Positive,Not amplified,HR+/HER2-,3,postmenopausal,4.2,N1,neoadjuvant curative-intent therapy
COMPV4-BRCA-0257,2026-05-16,Invasive breast carcinoma,IIIB,Positive,Positive,Not amplified,HR+/HER2-,2,premenopausal,3.0,N0,neoadjuvant curative-intent therapy
COMPV4-BRCA-0258,2026-05-15,Invasive breast carcinoma,IIIB,Positive,Positive,Not amplified,HR+/HER2-,2,perimenopausal,4.4,N2,neoadjuvant curative-intent therapy
COMPV4-BRCA-0259,2026-04-29,Invasive breast carcinoma,IV,Negative,Negative,Amplified,HER2+,3,postmenopausal,3.0,N1,palliative disease control
COMPV4-BRCA-0260,2026-05-06,Invasive breast carcinoma,IIB,Negative,Negative,Not amplified,triple-negative,3,perimenopausal,2.9,N0,neoadjuvant curative-intent therapy
COMPV4-BRCA-0261,2026-05-21,Invasive breast carcinoma,IIIB,Negative,Negative,Not amplified,triple-negative,3,premenopausal,2.3,N1,neoadjuvant curative-intent therapy
COMPV4-BRCA-0262,2026-05-11,Invasive breast carcinoma,IIIA,Positive,Positive,Not amplified,HR+/HER2-,3,postmenopausal,6.0,N3,neoadjuvant curative-intent therapy
COMPV4-BRCA-0263,2026-05-08,Invasive breast carcinoma,IIB,Negative,Negative,Amplified,HER2+,2,postmenopausal,3.0,N1,neoadjuvant curative-intent therapy
COMPV4-BRCA-0264,2026-06-04,Invasive breast carcinoma,IIB,Negative,Negative,Not amplified,triple-negative,3,premenopausal,3.3,N0,neoadjuvant curative-intent therapy
COMPV4-BRCA-0265,2026-05-11,Invasive breast carcinoma,IIIA,Positive,Positive,Not amplified,HR+/HER2-,3,perimenopausal,2.9,N1,neoadjuvant curative-intent therapy
COMPV4-BRCA-0266,2026-05-17,Invasive breast carcinoma,IIIA,Negative,Negative,Not amplified,triple-negative,2,perimenopausal,5.6,N2,neoadjuvant curative-intent therapy
COMPV4-BRCA-0267,2026-05-24,Invasive breast carcinoma,IIB,Positive,Positive,Not amplified,HR+/HER2-,3,premenopausal,3.3,N1,neoadjuvant curative-intent therapy
COMPV4-BRCA-0268,2026-05-29,Invasive breast carcinoma,IIA,Positive,Positive,Not amplified,HR+/HER2-,2,postmenopausal,3.9,N1,neoadjuvant curative-intent therapy
COMPV4-BRCA-0269,2026-06-12,Invasive breast carcinoma,IIA,Negative,Negative,Not amplified,triple-negative,2,postmenopausal,3.9,N0,neoadjuvant curative-intent therapy
COMPV4-BRCA-0270,2026-05-24,Invasive breast carcinoma,IIB,Positive,Positive,Not amplified,HR+/HER2-,2,premenopausal,4.4,N2,neoadjuvant curative-intent therapy
COMPV4-BRCA-0271,2026-06-18,Invasive breast carcinoma,IIIB,Positive,Positive,Not amplified,HR+/HER2-,3,premenopausal,6.8,N0,neoadjuvant curative-intent therapy
COMPV4-BRCA-0272,2026-05-25,Invasive breast carcinoma,IIIA,Negative,Negative,Amplified,HER2+,2,perimenopausal,6.5,N2,neoadjuvant curative-intent therapy
COMPV4-BRCA-0273,2026-06-06,Invasive breast carcinoma,IIB,Negative,Negative,Amplified,HER2+,3,perimenopausal,2.7,N3,neoadjuvant curative-intent therapy
COMPV4-BRCA-0274,2026-05-27,Invasive breast carcinoma,IIIB,Negative,Negative,Not amplified,triple-negative,2,premenopausal,3.5,N2,neoadjuvant curative-intent therapy
COMPV4-BRCA-0275,2026-06-10,Invasive breast carcinoma,IIB,Negative,Negative,Not amplified,triple-negative,3,premenopausal,5.2,N2,neoadjuvant curative-intent therapy
COMPV4-BRCA-0276,2026-06-19,Invasive breast carcinoma,IIB,Negative,Negative,Amplified,HER2+,2,postmenopausal,4.5,N1,neoadjuvant curative-intent therapy
COMPV4-BRCA-0277,2026-06-29,Invasive breast carcinoma,IIB,Negative,Negative,Not amplified,triple-negative,3,premenopausal,4.1,N0,neoadjuvant curative-intent therapy
COMPV4-BRCA-0278,2026-06-28,Invasive breast carcinoma,IIIA,Positive,Positive,Not amplified,HR+/HER2-,3,postmenopausal,2.7,N1,neoadjuvant curative-intent therapy
COMPV4-BRCA-0279,2026-06-18,Invasive breast carcinoma,IIB,Positive,Positive,Not amplified,HR+/HER2-,3,premenopausal,4.9,N1,neoadjuvant curative-intent therapy
COMPV4-BRCA-0280,2026-06-15,Invasive breast carcinoma,IV,Positive,Positive,Amplified,HR+/HER2+,3,postmenopausal,4.6,N1,palliative disease control
COMPV4-BRCA-0281,2026-07-04,Invasive breast carcinoma,IIB,Negative,Negative,Not amplified,triple-negative,3,perimenopausal,2.3,N1,neoadjuvant curative-intent therapy
COMPV4-BRCA-0282,2026-06-17,Invasive breast carcinoma,IV,Negative,Negative,Amplified,HER2+,3,postmenopausal,5.9,N0,palliative disease control
COMPV4-BRCA-0283,2026-07-02,Invasive breast carcinoma,IIIB,Positive,Positive,Not amplified,HR+/HER2-,3,postmenopausal,7.1,N1,neoadjuvant curative-intent therapy
COMPV4-BRCA-0284,2026-06-13,Invasive breast carcinoma,IIB,Positive,Positive,Not amplified,HR+/HER2-,3,perimenopausal,3.6,N1,neoadjuvant curative-intent therapy
COMPV4-BRCA-0285,2026-07-16,Invasive breast carcinoma,IIIA,Negative,Negative,Amplified,HER2+,3,postmenopausal,4.9,N1,neoadjuvant curative-intent therapy
COMPV4-BRCA-0286,2026-07-10,Invasive breast carcinoma,IIA,Positive,Positive,Not amplified,HR+/HER2-,2,premenopausal,6.1,N0,neoadjuvant curative-intent therapy
COMPV4-BRCA-0287,2026-06-29,Invasive breast carcinoma,IIIB,Positive,Positive,Not amplified,HR+/HER2-,3,postmenopausal,2.2,N3,neoadjuvant curative-intent therapy
COMPV4-BRCA-0288,2026-07-03,Invasive breast carcinoma,IIIA,Negative,Negative,Not amplified,triple-negative,3,premenopausal,6.3,N3,neoadjuvant curative-intent therapy
COMPV4-BRCA-0289,2026-07-16,Invasive breast carcinoma,IIB,Positive,Positive,Not amplified,HR+/HER2-,3,postmenopausal,6.4,N0,neoadjuvant curative-intent therapy
COMPV4-BRCA-0290,2026-07-06,Invasive breast carcinoma,IIIA,Positive,Positive,Not amplified,HR+/HER2-,3,premenopausal,7.1,N2,neoadjuvant curative-intent therapy
COMPV4-BRCA-0291,2026-06-28,Invasive breast carcinoma,IIIA,Positive,Positive,Amplified,HR+/HER2+,3,perimenopausal,6.4,N0,neoadjuvant curative-intent therapy
COMPV4-BRCA-0292,2026-07-29,Invasive breast carcinoma,IIA,Positive,Positive,Not amplified,HR+/HER2-,2,perimenopausal,6.9,N0,neoadjuvant curative-intent therapy
COMPV4-BRCA-0293,2026-07-28,Invasive breast carcinoma,IIA,Positive,Positive,Not amplified,HR+/HER2-,2,premenopausal,6.6,N2,neoadjuvant curative-intent therapy
COMPV4-BRCA-0294,2026-07-23,Invasive breast carcinoma,IIIB,Positive,Positive,Not amplified,HR+/HER2-,3,premenopausal,4.2,N3,neoadjuvant curative-intent therapy
COMPV4-BRCA-0295,2026-07-10,Invasive breast carcinoma,IIA,Negative,Negative,Amplified,HER2+,3,perimenopausal,3.7,N1,neoadjuvant curative-intent therapy
COMPV4-BRCA-0296,2026-07-18,Invasive breast carcinoma,IIIB,Negative,Negative,Not amplified,triple-negative,3,perimenopausal,6.0,N1,neoadjuvant curative-intent therapy
COMPV4-BRCA-0297,2026-07-12,Invasive breast carcinoma,IIB,Negative,Negative,Not amplified,triple-negative,3,premenopausal,6.6,N2,neoadjuvant curative-intent therapy
COMPV4-BRCA-0298,2026-07-11,Invasive breast carcinoma,IIA,Negative,Negative,Amplified,HER2+,2,premenopausal,3.7,N1,neoadjuvant curative-intent therapy
COMPV4-BRCA-0299,2026-07-26,Invasive breast carcinoma,IIA,Positive,Positive,Not amplified,HR+/HER2-,3,perimenopausal,2.8,N2,neoadjuvant curative-intent therapy
COMPV4-BRCA-0300,2026-08-05,Invasive breast carcinoma,IIIA,Negative,Negative,Not amplified,triple-negative,3,premenopausal,6.9,N0,neoadjuvant curative-intent therapy
